[{"id":1,"image":"https://source.unsplash.com/random/300x200?sig=1","first_name":"Angeli","last_name":"Bowlas","title":"Associate Professor","slogan":"transition world-class e-services","email":"abowlas0@upenn.edu"},
{"id":2,"image":"https://source.unsplash.com/random/200x200?sig=2","first_name":"Maison","last_name":"Dealtry","title":"Dental Hygienist","slogan":"enable B2B communities","email":"mdealtry1@prlog.org"},
{"id":3,"image":"https://source.unsplash.com/random/200x200?sig=3","first_name":"Misty","last_name":"Swoffer","title":"Recruiter","slogan":"implement synergistic synergies","email":"mswoffer2@amazon.co.jp"},
{"id":4,"image":"https://source.unsplash.com/random/200x200?sig=4","first_name":"Susan","last_name":"Berston","title":"Staff Scientist","slogan":"integrate vertical partnerships","email":"sberston3@hostgator.com"},
{"id":5,"image":"https://source.unsplash.com/random/200x200?sig=5","first_name":"Konstance","last_name":"Adrien","title":"Analyst Programmer","slogan":"optimize sticky markets","email":"kadrien4@msu.edu"},
{"id":6,"image":"https://source.unsplash.com/random/200x200?sig=6","first_name":"Cello","last_name":"Ragate","title":"Quality Control Specialist","slogan":"syndicate sticky paradigms","email":"cragate5@va.gov"},
{"id":7,"image":"https://source.unsplash.com/random/200x200?sig=7","first_name":"Meghan","last_name":"Bambrough","title":"Senior Sales Associate","slogan":"orchestrate frictionless infrastructures","email":"mbambrough6@live.com"},
{"id":8,"image":"https://source.unsplash.com/random/200x200?sig=8","first_name":"Hatti","last_name":"Pember","title":"Associate Professor","slogan":"visualize efficient schemas","email":"hpember7@artisteer.com"},
{"id":9,"image":"https://source.unsplash.com/random/200x200?sig=9","first_name":"Stanley","last_name":"Sowray","title":"Clinical Specialist","slogan":"unleash value-added users","email":"ssowray8@pcworld.com"},
{"id":10,"image":"https://source.unsplash.com/random/200x200?sig=10","first_name":"Garek","last_name":"Poli","title":"Project Manager","slogan":"extend extensible technologies","email":"gpoli9@pcworld.com"},
{"id":11,"image":"https://source.unsplash.com/random/200x200?sig=11","first_name":"Danya","last_name":"Rouge","title":"Administrative Officer","slogan":"repurpose cutting-edge infrastructures","email":"drougea@t.co"},
{"id":12,"image":"https://source.unsplash.com/random/200x200?sig=12","first_name":"Jed","last_name":"Eggle","title":"VP Product Management","slogan":"reintermediate intuitive web-readiness","email":"jeggleb@sitemeter.com"},
{"id":13,"image":"https://source.unsplash.com/random/200x200?sig=13","first_name":"Duff","last_name":"Attack","title":"Occupational Therapist","slogan":"enhance viral e-markets","email":"dattackc@naver.com"},
{"id":14,"image":"https://source.unsplash.com/random/200x200?sig=14","first_name":"Eberhard","last_name":"Colliford","title":"Junior Executive","slogan":"visualize e-business convergence","email":"ecollifordd@e-recht24.de"},
{"id":15,"image":"https://source.unsplash.com/random/200x200?sig=1","first_name":"Eleen","last_name":"Cogle","title":"Software Engineer III","slogan":"enable back-end functionalities","email":"ecoglee@huffingtonpost.com"}]